section,measure,value,unit,window,definition
start_time,"5am to noon (UK time)",1.5,% of parties per hour,2026-08-26 to 2026-10-04,"party start = first card not skipped; 7 hour block"
start_time,"Noon to 6pm (UK time)",2.9,% of parties per hour,2026-08-26 to 2026-10-04,"party start = first card not skipped; 6 hour block"
start_time,"6pm to 8pm (UK time)",5.8,% of parties per hour,2026-08-26 to 2026-10-04,"party start = first card not skipped; 2 hour block"
start_time,"8pm to 9pm (UK time)",12.2,% of parties per hour,2026-08-26 to 2026-10-04,"party start = first card not skipped; 1 hour block"
start_time,"9pm to 10pm (UK time)",15.2,% of parties per hour,2026-08-26 to 2026-10-04,"party start = first card not skipped; 1 hour block"
start_time,"10pm to 11pm (UK time)",11.4,% of parties per hour,2026-08-26 to 2026-10-04,"party start = first card not skipped; 1 hour block"
start_time,"11pm to midnight (UK time)",8.7,% of parties per hour,2026-08-26 to 2026-10-04,"party start = first card not skipped; 1 hour block"
start_time,"Midnight to 5am (UK time)",2.6,% of parties per hour,2026-08-26 to 2026-10-04,"party start = first card not skipped; 5 hour block"
night,"Monday night",97,index (average night = 100),2026-08-26 to 2026-10-04,"a night runs 5am to 5am UK time"
night,"Tuesday night",67,index (average night = 100),2026-08-26 to 2026-10-04,"a night runs 5am to 5am UK time"
night,"Wednesday night",84,index (average night = 100),2026-08-26 to 2026-10-04,"a night runs 5am to 5am UK time"
night,"Thursday night",82,index (average night = 100),2026-08-26 to 2026-10-04,"a night runs 5am to 5am UK time"
night,"Friday night",105,index (average night = 100),2026-08-26 to 2026-10-04,"a night runs 5am to 5am UK time"
night,"Saturday night",148,index (average night = 100),2026-08-26 to 2026-10-04,"a night runs 5am to 5am UK time"
night,"Sunday night",114,index (average night = 100),2026-08-26 to 2026-10-04,"a night runs 5am to 5am UK time"
night,Saturday night against a Monday to Thursday night,1.8,times as many parties,2026-08-26 to 2026-10-04,"parties per night"
games_per_party,"One game",25,% of parties,2026-08-26 to 2026-10-04,"distinct games with at least one card in the party"
games_per_party,"Two games",25,% of parties,2026-08-26 to 2026-10-04,"distinct games with at least one card in the party"
games_per_party,"Three games",19,% of parties,2026-08-26 to 2026-10-04,"distinct games with at least one card in the party"
games_per_party,"Four or more",32,% of parties,2026-08-26 to 2026-10-04,"distinct games with at least one card in the party"
games_played,"Never Have I Ever",46,% of parties,2026-08-26 to 2026-10-04,"parties with at least one card from this game"
games_played,"Antics mode",45,% of parties,2026-08-26 to 2026-10-04,"parties with at least one card from this game"
games_played,"Truth or Dare",41,% of parties,2026-08-26 to 2026-10-04,"parties with at least one card from this game"
games_played,"Most Likely To",39,% of parties,2026-08-26 to 2026-10-04,"parties with at least one card from this game"
games_played,"Would You Rather",33,% of parties,2026-08-26 to 2026-10-04,"parties with at least one card from this game"
games_played,"The Four Kings",23,% of parties,2026-08-26 to 2026-10-04,"parties with at least one card from this game"
games_played,"What Are The Odds",23,% of parties,2026-08-26 to 2026-10-04,"parties with at least one card from this game"
games_played,"Spicy",21,% of parties,2026-08-26 to 2026-10-04,"parties with at least one card from this game"
games_played,"Imposter",20,% of parties,2026-08-26 to 2026-10-04,"parties with at least one card from this game"
games,parties with the full decks unlocked that switch game,67,% of those parties,2026-08-26 to 2026-10-04,"parties dealt mostly from unlocked decks"
games,first game is Antics mode,27,% of parties,2026-08-26 to 2026-10-04,"game of the first card"
games,switch from Antics mode to Never Have I Ever,11,% of parties,2026-08-26 to 2026-10-04,"parties with at least one direct switch"
truth_or_dare,first pick is truth,64,% of games,2026-08-26 to 2026-10-04,"a game = one app session that played Truth or Dare"
truth_or_dare,picks that are dare,52,% of picks,2026-08-26 to 2026-10-04,"every tap on Truth or Dare"
truth_or_dare,dare share in first five picks of long games,40,% (mean per game),2026-08-26 to 2026-10-04,"long game = more than 20 picks; each game counts equally"
truth_or_dare,dare share after the twentieth pick of long games,49,% (mean per game),2026-08-26 to 2026-10-04,"long game = more than 20 picks; each game counts equally"
skips,"Spicy",16.5,% of cards skipped,2026-08-26 to 2026-10-04,"on screen under 2 seconds; runs of 5 or more quick flicks left out"
skips,"Never Have I Ever",14.9,% of cards skipped,2026-08-26 to 2026-10-04,"on screen under 2 seconds; runs of 5 or more quick flicks left out"
skips,"What Are The Odds",11.1,% of cards skipped,2026-08-26 to 2026-10-04,"on screen under 2 seconds; runs of 5 or more quick flicks left out"
skips,"Most Likely To",10.7,% of cards skipped,2026-08-26 to 2026-10-04,"on screen under 2 seconds; runs of 5 or more quick flicks left out"
skips,"Antics mode",9.5,% of cards skipped,2026-08-26 to 2026-10-04,"on screen under 2 seconds; runs of 5 or more quick flicks left out"
skips,"The Four Kings",8.6,% of cards skipped,2026-08-26 to 2026-10-04,"on screen under 2 seconds; runs of 5 or more quick flicks left out"
skips,"Would You Rather",7.9,% of cards skipped,2026-08-26 to 2026-10-04,"on screen under 2 seconds; runs of 5 or more quick flicks left out"
skips,"Truth or Dare",5.3,% of cards skipped,2026-08-26 to 2026-10-04,"on screen under 2 seconds; runs of 5 or more quick flicks left out"
time_on_screen,"Would You Rather",15.4,median seconds,2026-09-06 to 2026-10-04,"cards left up while the phone was in another app left out"
time_on_screen,"Truth or Dare",14.6,median seconds,2026-09-06 to 2026-10-04,"cards left up while the phone was in another app left out"
time_on_screen,"Most Likely To",11.4,median seconds,2026-09-06 to 2026-10-04,"cards left up while the phone was in another app left out"
time_on_screen,"Antics mode",8.5,median seconds,2026-09-06 to 2026-10-04,"cards left up while the phone was in another app left out"
time_on_screen,"The Four Kings",8.3,median seconds,2026-09-06 to 2026-10-04,"cards left up while the phone was in another app left out"
time_on_screen,"Spicy",8.0,median seconds,2026-09-06 to 2026-10-04,"cards left up while the phone was in another app left out"
time_on_screen,"What Are The Odds",7.4,median seconds,2026-09-06 to 2026-10-04,"cards left up while the phone was in another app left out"
time_on_screen,"Never Have I Ever",6.6,median seconds,2026-09-06 to 2026-10-04,"cards left up while the phone was in another app left out"
